{
  "train_accuracy": 1.0,
  "train_loss": 0.0064772493205964565,
  "val_accuracy": 1.0,
  "val_loss": 0.039984092116355896
}